crop,soil_ph,nitrogen,phosphorus,potassium,temperature,humidity,rainfall,soil_moisture,yield_tons_per_ha
Rice,6.5,120,50,45,28.4,82.0,1450.0,72.0,5.20
Rice,6.2,110,45,40,27.1,78.5,1380.0,68.0,4.85
Rice,7.1,130,55,50,29.5,84.0,1620.0,76.0,5.65
Rice,5.4,85,30,25,25.0,65.0,980.0,52.0,3.40
Rice,6.8,140,60,55,30.0,85.0,1750.0,78.0,5.90
Rice,5.8,95,35,30,26.2,70.0,1120.0,58.0,3.95
Rice,6.4,115,48,42,28.0,80.0,1400.0,70.0,5.10
Rice,7.3,125,52,48,29.0,83.0,1550.0,74.0,5.45
Rice,5.2,80,28,22,24.5,62.0,900.0,48.0,3.10
Rice,6.6,135,58,52,28.8,81.5,1500.0,75.0,5.75
Rice,6.0,105,42,38,27.5,76.0,1300.0,65.0,4.60
Rice,7.0,128,54,46,29.2,82.5,1580.0,73.0,5.50
Rice,5.6,90,32,28,25.8,68.0,1050.0,55.0,3.75
Rice,6.7,122,50,44,28.2,79.0,1420.0,71.0,5.25
Rice,6.3,118,46,41,27.8,77.5,1360.0,67.0,4.95
Wheat,6.8,110,45,40,18.5,58.0,620.0,45.0,4.35
Wheat,6.5,100,40,35,17.2,55.0,580.0,42.0,4.10
Wheat,7.2,120,50,45,20.0,62.0,680.0,48.0,4.70
Wheat,5.5,75,25,20,14.5,45.0,420.0,32.0,2.80
Wheat,7.0,125,55,50,19.2,60.0,720.0,50.0,4.90
Wheat,5.9,85,30,25,16.0,50.0,480.0,36.0,3.25
Wheat,6.6,105,42,38,18.0,56.0,600.0,44.0,4.20
Wheat,7.4,115,48,42,21.0,64.0,650.0,46.0,4.55
Wheat,5.3,70,22,18,13.8,42.0,380.0,28.0,2.50
Wheat,6.9,118,47,44,18.8,59.0,640.0,47.0,4.60
Wheat,6.2,95,38,32,16.8,52.0,540.0,40.0,3.80
Wheat,7.1,122,52,46,19.5,61.0,700.0,49.0,4.80
Wheat,5.7,80,28,22,15.2,48.0,450.0,34.0,3.00
Wheat,6.7,108,44,39,18.2,57.0,610.0,45.0,4.30
Wheat,6.4,102,41,36,17.5,54.0,570.0,41.0,4.00
Maize,6.5,140,65,55,25.5,65.0,780.0,52.0,7.10
Maize,6.2,125,55,45,24.0,60.0,710.0,48.0,6.40
Maize,7.0,155,75,65,27.0,70.0,860.0,58.0,7.85
Maize,5.4,90,35,30,21.0,50.0,520.0,36.0,4.20
Maize,6.8,160,80,70,26.5,68.0,920.0,60.0,8.20
Maize,5.8,105,45,35,22.5,55.0,600.0,42.0,5.10
Maize,6.6,135,60,50,25.0,63.0,750.0,50.0,6.80
Maize,7.2,148,70,60,26.0,67.0,820.0,55.0,7.50
Maize,5.2,80,30,25,20.0,45.0,480.0,32.0,3.60
Maize,6.7,150,72,62,25.8,66.0,800.0,54.0,7.60
Maize,6.1,115,50,40,23.2,58.0,660.0,45.0,5.80
Maize,6.9,152,74,64,26.2,69.0,840.0,56.0,7.70
Maize,5.6,98,40,32,21.8,52.0,560.0,38.0,4.65
Maize,6.4,130,58,48,24.6,62.0,730.0,49.0,6.60
Cotton,6.6,110,50,45,31.0,55.0,680.0,42.0,2.85
Cotton,6.2,95,40,35,29.5,50.0,610.0,38.0,2.45
Cotton,7.2,125,60,55,32.5,60.0,750.0,46.0,3.25
Cotton,5.4,70,25,22,26.0,42.0,450.0,28.0,1.60
Cotton,6.9,130,65,60,32.0,58.0,780.0,48.0,3.40
Cotton,5.8,85,32,28,28.0,46.0,530.0,32.0,2.05
Cotton,6.5,105,45,40,30.5,53.0,650.0,40.0,2.70
Cotton,7.1,118,55,50,31.8,57.0,720.0,44.0,3.10
Cotton,5.2,65,20,18,25.0,38.0,400.0,25.0,1.35
Cotton,6.8,122,58,52,31.5,56.0,700.0,43.0,3.15
Cotton,6.0,90,38,32,29.0,48.0,580.0,36.0,2.30
Sugarcane,6.5,220,110,180,30.0,78.0,1800.0,70.0,88.5
Sugarcane,6.2,190,95,150,28.5,72.0,1600.0,64.0,76.0
Sugarcane,7.0,240,120,200,31.5,82.0,2100.0,75.0,96.0
Sugarcane,5.4,140,60,100,25.0,60.0,1200.0,48.0,54.0
Sugarcane,6.8,250,125,210,31.0,80.0,2200.0,78.0,102.0
Sugarcane,5.8,165,75,120,27.0,65.0,1350.0,55.0,63.5
Sugarcane,6.6,210,105,170,29.5,75.0,1750.0,68.0,84.0
Sugarcane,7.2,230,115,190,30.8,79.0,1950.0,72.0,92.5
Sugarcane,5.2,125,50,85,24.0,55.0,1050.0,44.0,47.0
Sugarcane,6.7,225,112,185,30.2,77.0,1850.0,71.0,90.0
Sugarcane,6.0,175,85,135,28.0,70.0,1500.0,60.0,70.0
Soybean,6.6,40,65,55,26.0,68.0,720.0,50.0,2.95
Soybean,6.3,35,55,45,24.5,62.0,650.0,45.0,2.60
Soybean,7.1,45,75,65,27.5,72.0,800.0,55.0,3.30
Soybean,5.5,22,35,28,21.5,52.0,480.0,35.0,1.80
Soybean,6.8,50,80,70,27.0,70.0,840.0,58.0,3.50
Soybean,5.9,30,45,35,23.5,58.0,580.0,40.0,2.25
Soybean,6.5,38,60,50,25.5,65.0,700.0,48.0,2.85
Soybean,7.3,42,70,60,26.8,69.0,760.0,52.0,3.15
Soybean,5.3,20,30,22,20.5,48.0,420.0,30.0,1.55
Soybean,6.7,44,68,58,26.2,67.0,740.0,51.0,3.05
Soybean,6.1,32,50,40,24.0,60.0,620.0,43.0,2.45
Potato,6.0,140,80,160,18.0,72.0,650.0,62.0,28.5
Potato,5.8,125,70,140,16.8,68.0,580.0,58.0,24.8
Potato,6.4,160,95,180,19.5,76.0,720.0,66.0,32.4
Potato,5.0,85,45,90,14.0,55.0,420.0,44.0,16.2
Potato,6.2,170,100,190,19.0,74.0,750.0,68.0,34.5
Potato,5.4,105,55,110,15.5,62.0,500.0,50.0,20.5
Potato,6.1,135,75,150,17.5,70.0,620.0,60.0,27.0
Potato,6.5,150,88,170,18.5,73.0,680.0,64.0,30.5
Potato,4.8,75,35,75,13.2,50.0,380.0,38.0,13.8
Potato,6.3,145,82,165,18.2,71.0,660.0,63.0,29.2
Potato,5.6,115,62,125,16.2,65.0,540.0,54.0,22.5
Groundnut,6.4,35,55,45,28.0,62.0,640.0,42.0,2.45
Groundnut,6.1,30,45,35,26.5,58.0,580.0,38.0,2.15
Groundnut,6.9,40,65,55,29.5,66.0,720.0,46.0,2.80
Groundnut,5.3,20,30,22,23.5,46.0,420.0,28.0,1.40
Groundnut,6.7,42,70,60,29.0,64.0,750.0,48.0,2.95
Groundnut,5.7,26,38,28,25.0,52.0,500.0,32.0,1.75
Groundnut,6.3,34,50,40,27.5,60.0,620.0,40.0,2.35
Groundnut,7.0,38,60,50,28.8,63.0,680.0,44.0,2.65
Groundnut,5.1,18,25,18,22.0,42.0,380.0,25.0,1.20
Groundnut,6.5,36,52,42,28.2,61.0,650.0,43.0,2.50
Groundnut,5.9,28,42,32,26.0,55.0,550.0,36.0,1.95
Tomato,6.4,150,85,160,23.0,68.0,750.0,65.0,45.0
Tomato,6.1,130,70,135,21.5,62.0,660.0,60.0,38.5
Tomato,6.8,170,100,185,24.5,72.0,840.0,70.0,52.0
Tomato,5.2,90,45,90,18.0,50.0,480.0,45.0,24.0
Tomato,6.6,180,105,195,24.0,70.0,880.0,72.0,55.5
Tomato,5.6,110,55,110,20.0,56.0,560.0,52.0,31.0
Tomato,6.3,145,80,150,22.5,66.0,720.0,63.0,43.0
Tomato,6.9,160,92,175,23.8,69.0,800.0,68.0,48.5
Tomato,5.0,80,38,75,17.2,46.0,420.0,40.0,20.5
Tomato,6.5,155,88,168,23.2,67.0,770.0,66.0,46.5
Tomato,5.8,120,62,125,21.0,60.0,620.0,57.0,35.0
Barley,6.7,90,40,38,17.5,52.0,480.0,38.0,3.60
Barley,6.4,80,35,32,16.2,48.0,430.0,35.0,3.25
Barley,7.1,100,48,44,19.0,56.0,540.0,42.0,3.95
Barley,5.5,60,22,20,13.8,38.0,320.0,26.0,2.15
Barley,6.9,105,52,48,18.5,54.0,580.0,44.0,4.15
Barley,5.8,70,28,25,15.0,44.0,380.0,30.0,2.70
Barley,6.5,88,38,35,17.0,50.0,460.0,37.0,3.50
Barley,7.3,95,45,40,18.0,53.0,520.0,40.0,3.80
Barley,5.2,55,18,16,13.0,35.0,290.0,22.0,1.85
Barley,6.8,92,42,39,17.2,51.0,490.0,38.0,3.65
Barley,6.1,75,32,28,15.8,46.0,410.0,33.0,3.00
Rice,6.3,115,48,44,28.1,81.0,1410.0,71.0,5.15
Wheat,6.8,112,46,41,18.3,58.5,630.0,46.0,4.40
Maize,6.7,145,68,58,25.6,65.5,790.0,53.0,7.30
Cotton,6.7,112,52,46,31.2,55.5,690.0,42.5,2.90
Sugarcane,6.6,222,111,182,30.1,78.2,1820.0,70.5,89.0
Soybean,6.7,41,66,56,26.1,68.2,725.0,50.5,3.00
Potato,6.1,142,81,162,18.1,72.2,655.0,62.5,28.8
Groundnut,6.4,36,56,46,28.1,62.2,645.0,42.2,2.48
Tomato,6.4,152,86,162,23.1,68.2,755.0,65.2,45.5
Barley,6.7,91,41,39,17.6,52.2,485.0,38.2,3.62
Rice,6.9,132,56,49,29.1,83.2,1590.0,74.5,5.60
Wheat,7.1,119,49,43,19.8,61.5,675.0,47.5,4.65
Maize,6.9,153,73,63,26.4,68.5,835.0,55.5,7.65
Cotton,7.0,120,56,51,32.1,58.5,735.0,45.0,3.18
Sugarcane,6.9,235,118,195,31.2,81.0,2050.0,74.0,94.5
Soybean,7.0,46,74,63,27.2,71.0,790.0,54.0,3.25
Potato,6.3,158,92,178,19.2,75.0,710.0,65.5,31.8
Groundnut,6.8,39,63,53,29.2,65.0,710.0,45.5,2.75
Tomato,6.7,168,98,182,24.2,71.2,830.0,69.5,51.2
Barley,7.0,98,47,43,18.8,55.0,530.0,41.0,3.90
Rice,5.9,102,40,34,26.8,74.0,1250.0,62.0,4.35
Wheat,6.1,90,35,30,16.5,51.0,520.0,38.0,3.60
Maize,6.0,120,52,42,23.8,57.0,680.0,44.0,6.05
Cotton,6.1,98,42,37,29.8,51.0,620.0,39.0,2.50
Sugarcane,6.1,185,90,142,28.2,71.0,1550.0,62.0,73.5
Soybean,6.2,34,52,42,24.2,61.0,640.0,44.0,2.50
Potato,5.9,130,72,145,17.0,69.0,595.0,59.0,25.5
Groundnut,6.0,31,46,36,26.8,59.0,590.0,39.0,2.20
Tomato,6.0,135,72,140,21.8,63.0,680.0,61.0,40.0
Barley,6.2,78,34,30,16.0,47.0,425.0,34.0,3.15
Rice,7.2,126,53,47,29.0,82.8,1560.0,73.5,5.48
Wheat,6.7,109,45,40,18.4,57.5,615.0,45.2,4.32
Maize,6.6,138,62,52,25.2,64.0,765.0,51.0,6.95
Cotton,6.8,116,54,48,31.4,56.5,705.0,43.2,3.05
Sugarcane,6.7,218,108,175,29.8,76.0,1780.0,69.0,86.0
Soybean,6.6,39,62,52,25.8,66.0,710.0,49.0,2.90
Potato,6.2,148,84,166,18.4,72.5,670.0,63.2,29.8
Groundnut,6.6,37,58,48,28.5,63.0,665.0,43.5,2.58
Tomato,6.6,162,94,178,23.5,69.5,810.0,67.0,49.0
Barley,6.6,89,39,36,17.1,50.5,470.0,37.5,3.55
